first_name,year_symposium,location_symposium,final_gender,invited
Aaron,2018,UEA,male,No
Abdulghani,2017,Exeter,male,No
Ada,2021,Leuven,female,No
Ada,2022,Nottingham,female,No
Adam,2022,Nottingham,male,No
Adrian,2014,Hull,male,No
Agnar,1999,St Andrews,male,No
Agnes,2021,Leuven,female,No
Agnes,2014,Hull,female,No
Agnes,2017,Exeter,female,No
Agnieszka,2017,Exeter,female,No
Aina,2024,Bilbao,female,No
Alain,1999,St Andrews,male,No
Alan,1982,London,male,No
Alastair,2017,Exeter,male,No
Alastair,2017,Exeter,male,No
Alba,1999,St Andrews,female,No
Alec,1990,Lancaster,male,No
Alessandro,2017,Exeter,male,No
Aletta,2016,Bangor,female,No
Alex,2009,Leicester,male,No
Alexander,2018,UEA,male,No
Alexander,2009,Leicester,male,No
Alexandra,2016,Bangor,female,No
Alexandre,2017,Exeter,male,No
Alexandrea,2021,Leuven,female,No
Alexia,2023,Essex,female,No
Alexia,2022,Nottingham,female,No
Alfonso,2024,Bilbao,male,No
Ali,2015,Plymouth,male,No
Alice,2016,Bangor,female,No
Alice,2017,Exeter,female,No
Alice,2016,Bangor,female,No
Alice,2019,Hull,female,Yes
Alice,2024,Bilbao,female,No
Alice,1999,St Andrews,female,No
Alison,2009,Leicester,female,No
Allan,2017,Exeter,male,No
Alois,1990,Lancaster,male,No
Amaia,2024,Bilbao,female,No
Amanda,2018,UEA,female,No
Amber,2023,Essex,female,No
Amelia,2018,UEA,female,No
Amemiya,1999,St Andrews,male,No
Amir,2019,Hull,male,No
Amulike,2018,UEA,male,No
Amy,2022,Nottingham,female,No
Amy,2022,Nottingham,female,No
Amy,2022,Nottingham,female,No
Amy,2023,Essex,female,No
Ana,2024,Bilbao,female,No
Ana,2015,Plymouth,female,No
Ana,2019,Hull,female,No
Ana,2019,Hull,female,No
Ana,2014,Hull,female,No
Ana,2014,Hull,female,No
Anais,2023,Essex,female,No
Andre,2024,Bilbao,male,No
Andreas,2015,Plymouth,male,No
Andrew,2017,Exeter,male,No
Andrew,1983,Stirling,male,No
Andrew,2016,Bangor,male,No
Andrew,2025,Belfast,male,No
Andrew,2012,UEA,male,No
Andrew,2017,Exeter,male,No
Andrew,2015,Plymouth,male,No
Andrew,1999,St Andrews,male,No
Andrew,2009,Leicester,male,No
Andrew,2023,Essex,male,No
Andrew,2017,Exeter,male,No
Andrew,2009,Leicester,male,Yes
Andrew,1987,Plymouth,male,No
Andrew,2017,Exeter,male,No
Andrew,2012,UEA,male,No
Andrzej,1987,Plymouth,male,No
Andy,1990,Lancaster,male,No
Andy,2025,Belfast,male,No
Ane,2024,Bilbao,female,No
Angela,2016,Bangor,female,No
Angus,2025,Belfast,male,No
Anita,2018,UEA,female,No
Ann,2016,Bangor,female,No
Anna,2022,Nottingham,female,No
Anna,1993,Conwy,female,No
Anna,2009,Leicester,female,No
Anna,1999,St Andrews,female,No
Anna,2016,Bangor,female,No
Anne,2014,Hull,female,No
Anne,2014,Hull,female,No
Anne,2017,Exeter,female,No
Anne,2022,Nottingham,female,No
Anne,2016,Bangor,female,No
Anne,2014,Hull,female,No
Anneli,2023,Essex,female,No
Annette,2009,Leicester,female,No
Annie,2017,Exeter,female,No
Annue,2022,Nottingham,female,No
Anssi,2017,Exeter,male,No
Anthony,2022,Nottingham,male,No
Anthony,2015,Plymouth,male,No
Anthony,2023,Essex,male,No
Anti,2024,Bilbao,female,No
Anton,1990,Lancaster,male,No
Antonia,2016,Bangor,female,No
Antonia,2023,Essex,female,No
Aoife,2017,Exeter,female,No
Apria,2025,Belfast,female,No
Arieh,1987,Plymouth,male,No
Arieh,1987,Plymouth,male,No
Arne,2017,Exeter,male,No
Arthur,1968,London,male,No
Asa,2017,Exeter,male,No
Ashleigh,2018,UEA,female,No
Ashley,2023,Essex,female,No
Asta,2023,Essex,female,No
Audrey,2023,Essex,female,No
Audrey,2023,Essex,female,No
Aurelien,2021,Leuven,male,No
Ava,2025,Belfast,female,No
Barbara,1987,Plymouth,female,No
Barnaby,2022,Nottingham,male,No
Barry,2015,Plymouth,male,No
Baukje,2023,Essex,female,No
Bela,1999,St Andrews,female,No
Ben,2022,Nottingham,male,No
Ben,2022,Nottingham,male,Yes
Ben,2014,Hull,male,No
Ben,2022,Nottingham,male,No
Ben,2012,UEA,male,No
Ben,2023,Essex,male,No
Ben,2021,Leuven,male,No
Benjamin,2025,Belfast,male,No
Benjamin,2023,Essex,male,No
Benjamin,2018,UEA,male,No
Benjamin,2018,UEA,male,No
Bernard,2018,UEA,male,No
Bernd,2025,Belfast,male,No
Bertil,2009,Leicester,male,No
Beth,2021,Leuven,female,No
Beth,2017,Exeter,female,Yes
Bethany,2021,Leuven,female,No
Bethany,2022,Nottingham,female,No
Beverley,1987,Plymouth,female,No
Beverly,1987,Plymouth,female,No
Bill,2009,Leicester,male,Yes
Bjarni,2024,Bilbao,male,No
Bjorn,2018,UEA,male,No
Björn,1999,St Andrews,male,No
Bob,2009,Leicester,male,Yes
Bob,1990,Lancaster,male,No
Bob,2019,Hull,male,No
Bob,1990,Lancaster,male,No
Bram,2023,Essex,male,No
Brendan,2016,Bangor,male,No
Brett,1990,Lancaster,male,No
Brett,2014,Hull,male,No
Brian,2025,Belfast,male,No
Brian,2021,Leuven,male,Yes
Brian,2017,Exeter,male,No
Brian,1982,London,male,No
Brian,2017,Exeter,male,No
Brian,1999,St Andrews,male,No
Bridie,2017,Exeter,female,No
Brit,2015,Plymouth,male,No
Broddi,1999,St Andrews,male,No
Bronwyn,2023,Essex,female,Yes
Bror,1993,Conwy,male,No
Bruce,2014,Hull,male,No
Bryony,2018,UEA,female,No
Cait,2024,Bilbao,female,No
Cait,2022,Nottingham,female,No
Caliyena,2025,Belfast,female,No
Camilla,2015,Plymouth,female,No
Camilla,2012,UEA,female,No
Carl,2015,Plymouth,male,No
Carl,2017,Exeter,male,No
Carlo,2016,Bangor,male,No
Carlos,2012,UEA,male,No
Carlos,2014,Hull,male,Yes
Carlos,1993,Conwy,male,No
Carlos,2016,Bangor,male,No
Carlotta,2015,Plymouth,female,No
Carly,2016,Bangor,female,No
Carly,2017,Exeter,female,No
Carolina,2017,Exeter,female,No
Caroline,2012,UEA,female,No
Casey,2021,Leuven,either,No
Casey,2023,Essex,either,No
Catalina,1999,St Andrews,female,No
Caterina,2019,Hull,female,No
Catherine,2022,Nottingham,female,No
Catherine,2017,Exeter,female,No
Catherine,2015,Plymouth,female,No
Catherine,1987,Plymouth,female,No
Cecilia,2015,Plymouth,female,No
Cesarino,1987,Plymouth,male,No
Charles,2017,Exeter,male,Yes
Charles,2009,Leicester,male,No
Charles,2016,Bangor,male,No
Charles,2019,Hull,male,No
Charlie,2015,Plymouth,male,No
Charlie,2021,Leuven,male,No
Chiara,2016,Bangor,female,No
Chiara,2022,Nottingham,female,No
Chloe,2018,UEA,female,No
Chloe,2017,Exeter,female,No
Chloe,2018,UEA,female,No
Chris,2022,Nottingham,male,No
Chris,1990,Lancaster,male,No
Chris,1990,Lancaster,male,No
Chris,2025,Belfast,male,No
Chris,2009,Leicester,male,No
Chris,2019,Hull,male,No
Chris,2024,Bilbao,male,No
Chris,2022,Nottingham,male,No
Chris,2019,Hull,male,Yes
Christian,2025,Belfast,male,No
Christina,2022,Nottingham,female,Yes
Christoff,2009,Leicester,male,No
Christoph,2019,Hull,male,No
Christophe,2009,Leicester,male,No
Christopher,2018,UEA,male,No
Christopher,2017,Exeter,male,No
Christopher,1999,St Andrews,male,No
Christopher,2015,Plymouth,male,No
Christopher,2018,UEA,male,No
Christopher,2019,Hull,male,No
Christos,2021,Leuven,male,No
Chrystelle,2017,Exeter,female,No
Ciar,2019,Hull,male,No
Clair,1993,Conwy,male,Yes
Clara,2017,Exeter,female,No
Clare,2019,Hull,female,No
Clare,2015,Plymouth,female,No
Clarisse,2017,Exeter,female,No
Clark,1999,St Andrews,male,No
Claudia,2016,Bangor,female,No
Claudio,2019,Hull,male,No
Claudio,2025,Belfast,male,No
Clemency,2022,Nottingham,female,No
Clement,2022,Nottingham,male,No
Clive,2021,Leuven,male,No
Clive,2017,Exeter,male,No
Clive,2023,Essex,male,No
Clive,2015,Plymouth,male,No
Colin,2023,Essex,male,No
Colin,1983,Stirling,male,No
Colin,2025,Belfast,male,No
Colin,1983,Stirling,male,No
Colin,2023,Essex,male,No
Colin,1983,Stirling,male,No
Colin,2017,Exeter,male,No
Conor,2009,Leicester,male,No
Cosmas,1999,St Andrews,male,No
Courtney,2014,Hull,female,No
Craig,1987,Plymouth,male,No
Craig,2009,Leicester,male,No
Craig,2024,Bilbao,male,No
Craig,1999,St Andrews,male,No
Craig,2025,Belfast,male,No
Craig,2016,Bangor,male,Yes
Cristina,2019,Hull,female,No
Cristina,2024,Bilbao,female,No
Cristina,2017,Exeter,female,No
Cynthia,2015,Plymouth,female,No
Damianos,2024,Bilbao,male,No
Daniel,2009,Leicester,male,No
Daniel,2021,Leuven,male,No
Daniel,2017,Exeter,male,No
Daniel,2015,Plymouth,male,No
Daniel,2022,Nottingham,male,No
Daniel,2022,Nottingham,male,No
Daniel,2016,Bangor,male,No
Daniel,2021,Leuven,male,Yes
Daniel,2016,Bangor,male,No
Daniel,1999,St Andrews,male,No
Daniel,2024,Bilbao,male,No
Daniel,2023,Essex,male,No
Daniel,2024,Bilbao,male,No
Daniel,2014,Hull,male,No
Daniela,2024,Bilbao,female,No
Daniele,2017,Exeter,female,No
Danielle,2012,UEA,female,No
Dareen,2015,Plymouth,female,No
Daria,2025,Belfast,female,No
Daria,2017,Exeter,female,No
Daria,2024,Bilbao,female,No
Daria,2016,Bangor,female,No
Daria,2022,Nottingham,female,No
Darren,2021,Leuven,male,No
Darryl,2022,Nottingham,male,No
Daryl,2014,Hull,male,No
David,2023,Essex,male,No
David,1972,London,male,No
David,2009,Leicester,male,Yes
David,2018,UEA,male,No
David,2025,Belfast,male,No
David,2015,Plymouth,male,No
David,2017,Exeter,male,No
David,2018,UEA,male,No
David,1983,Stirling,male,No
David,2015,Plymouth,male,No
David,2024,Bilbao,male,No
David,2017,Exeter,male,No
David,1990,Lancaster,male,No
David,2012,UEA,male,Yes
David,2018,UEA,male,No
David,2023,Essex,male,Yes
David,2025,Belfast,male,No
David,1990,Lancaster,male,Yes
David,2023,Essex,male,No
David,2018,UEA,male,Yes
Deborah,1987,Plymouth,female,No
Debra,1987,Plymouth,female,No
Declan,2014,Hull,male,No
Deiene,2017,Exeter,female,No
Deirdre,2018,UEA,female,No
Demetra,2023,Essex,female,No
Demetra,2019,Hull,female,No
Denise,2022,Nottingham,female,No
Detlev,1999,St Andrews,male,No
Devon,2016,Bangor,male,No
Diana,2021,Leuven,female,No
Diana,2016,Bangor,female,No
Dick,1990,Lancaster,male,No
Didier,2019,Hull,male,Yes
Dominic,1999,St Andrews,male,Yes
Domino,2023,Essex,female,No
Don,1990,Lancaster,male,No
Dorte,2025,Belfast,female,No
Dorte,2016,Bangor,female,Yes
Doug,2017,Exeter,male,No
Douglas,1983,Stirling,male,No
Dov,1993,Conwy,male,No
Edel,2025,Belfast,male,No
Edel,2023,Essex,male,No
Eduardo,1999,St Andrews,male,No
Eduardo,1993,Conwy,male,No
Edward,2014,Hull,male,No
Eef,2017,Exeter,female,No
Eeva,2016,Bangor,female,No
Egbert,1987,Plymouth,male,No
Elaine,1999,St Andrews,female,No
Eleanor,2022,Nottingham,female,No
Eleni,2016,Bangor,female,No
Elise,2019,Hull,female,Yes
elizabeth,1999,St Andrews,female,No
Elizabeth,2016,Bangor,female,No
Ellen,2014,Hull,female,No
Ellie,2025,Belfast,female,No
Ellot,2025,Belfast,male,No
Emilie,2024,Bilbao,female,No
Emily,2019,Hull,female,No
Emily,2016,Bangor,female,No
Emily,2023,Essex,female,No
Emily,2022,Nottingham,female,No
Emily,2018,UEA,female,No
Emily,2022,Nottingham,female,No
Emma,2023,Essex,female,Yes
Emma,2023,Essex,female,No
Emma,2022,Nottingham,female,No
Eoin,2023,Essex,male,Yes
Eric,2023,Essex,male,No
Eric,2016,Bangor,male,No
Erik,2012,UEA,male,No
Erik,2009,Leicester,male,No
Erika,2024,Bilbao,female,No
Erling,1999,St Andrews,male,No
Estibaliz,2025,Belfast,female,No
Eugene,2025,Belfast,male,No
Eustratios,1999,St Andrews,male,No
Eva,2017,Exeter,female,No
Eva,2015,Plymouth,female,No
Evoy,1999,St Andrews,female,No
Ewen,1987,Plymouth,male,No
Faye,2021,Leuven,female,No
Faye,2022,Nottingham,female,No
Felicity,2009,Leicester,female,Yes
Felicity,1993,Conwy,female,Yes
Felicity,2017,Exeter,female,No
Felicity,2009,Leicester,female,No
Felicity,2012,UEA,female,Yes
Felix,2025,Belfast,male,No
Felix,2017,Exeter,male,No
Filipe,2016,Bangor,male,No
Filipe,2024,Bilbao,male,No
Filipe,2023,Essex,male,No
Filipe,2024,Bilbao,male,No
Fiona,2014,Hull,female,No
Florianne,2017,Exeter,female,No
Forrest,1999,St Andrews,male,No
Frances,2019,Hull,female,No
Francesco,2022,Nottingham,male,No
Francis,2015,Plymouth,male,No
Frank,2009,Leicester,male,No
Frank,2009,Leicester,male,No
Frank,1999,St Andrews,male,No
Frederik,1987,Plymouth,male,No
Gabrielle,2012,UEA,female,No
Gania,1999,St Andrews,female,No
Gareth,2015,Plymouth,male,No
Gary,1993,Conwy,male,Yes
Gary,2018,UEA,male,No
Gary,2024,Bilbao,male,Yes
Gema,1999,St Andrews,female,No
Genevieve,2009,Leicester,female,No
Geoffrey,1993,Conwy,male,No
Georg,2018,UEA,male,No
Georg,2018,UEA,male,No
George,1987,Plymouth,male,No
George,2022,Nottingham,male,No
George,1968,London,male,No
Georgina,2009,Leicester,female,No
Georgina,2023,Essex,female,No
Gerard,1990,Lancaster,male,No
Gerhard,1999,St Andrews,male,No
Gerhard,2012,UEA,male,No
Gert,2019,Hull,female,No
Gert,1999,St Andrews,female,Yes
Gert,2019,Hull,female,No
Gert,2024,Bilbao,female,No
Gilles,1999,St Andrews,male,Yes
Gilles,1987,Plymouth,male,No
Giorgio,2019,Hull,male,No
Giovanna,2024,Bilbao,female,No
Giulia,2024,Bilbao,female,No
Glenn,2009,Leicester,male,No
Gopi,2024,Bilbao,female,No
Gordon,2018,UEA,male,No
Gordon,1993,Conwy,male,No
Gordon,1969,London,male,No
Gordon,2014,Hull,male,No
Gordon,1990,Lancaster,male,No
Gordon,1999,St Andrews,male,No
Goshi,2024,Bilbao,male,No
Govindhaswamy,2024,Bilbao,male,No
Grace,2025,Belfast,female,No
Grace,2022,Nottingham,female,No
Graeme,2023,Essex,male,No
Graeme,2025,Belfast,male,No
Graham,2018,UEA,male,No
Gregor,2015,Plymouth,male,Yes
Gregory,2016,Bangor,male,No
Gregory,1987,Plymouth,male,No
Gregory,2016,Bangor,male,No
Gry,2012,UEA,female,No
Gudbjorg,2022,Nottingham,female,No
Guillaume,2016,Bangor,male,No
Guy,2017,Exeter,male,No
Guy,2015,Plymouth,male,No
Hai-Thanh,2018,UEA,NA,No
Haili,2009,Leicester,female,No
Hajer,2012,UEA,female,No
Halcio,1999,St Andrews,male,No
Hallvard,2017,Exeter,male,No
Halvor,2024,Bilbao,male,No
Hanna,2019,Hull,female,No
Hanna,2023,Essex,female,No
Hannah,2022,Nottingham,female,No
Hannele,2022,Nottingham,female,No
Hans,1999,St Andrews,male,No
Hans,2012,UEA,male,No
Hans,1999,St Andrews,male,No
Hans,2018,UEA,male,Yes
Harry,1987,Plymouth,male,No
Harry,2017,Exeter,male,No
Hayler,2024,Bilbao,male,No
Heather,2018,UEA,female,Yes
Heidemarie,1987,Plymouth,female,No
Heike,2015,Plymouth,female,No
Heinz,1971,London Spring,male,No
Helcio,1999,St Andrews,male,No
Heleen,2021,Leuven,female,No
Helen,2022,Nottingham,female,No
Helen,2015,Plymouth,female,No
Helen,2022,Nottingham,female,No
Helen,2025,Belfast,female,No
Helga,1999,St Andrews,female,No
Henrik,2017,Exeter,male,No
Henrik,2016,Bangor,male,No
Henrik,2021,Leuven,male,No
Herman,2021,Leuven,male,No
Hilton,1987,Plymouth,male,No
Hiroya,1990,Lancaster,male,No
Homere,2021,Leuven,male,No
Howard,2023,Essex,male,No
Howard,1999,St Andrews,male,No
Hyo-Jae,2016,Bangor,male,No
Iain,2012,UEA,male,No
Iain,2017,Exeter,male,Yes
Ian,2017,Exeter,male,No
Ian,1993,Conwy,male,No
Ian,1968,London,male,No
Ian,2009,Leicester,male,No
Ian,2014,Hull,male,Yes
Ian,1999,St Andrews,male,No
Ian,1999,St Andrews,male,No
Ian,2017,Exeter,male,No
Ian,2024,Bilbao,male,No
Ian,1993,Conwy,male,No
Ian,2021,Leuven,male,No
Ian,2012,UEA,male,No
Ian,2018,UEA,male,No
Iestyn,2022,Nottingham,male,No
Iker,2024,Bilbao,male,No
Ilaria,2016,Bangor,female,No
Imanol,2021,Leuven,male,No
Imants,1982,London,male,No
Inger,1999,St Andrews,female,No
Ingolf,2009,Leicester,male,No
Ingvar,1993,Conwy,male,No
Io,2021,Leuven,female,No
Io,2021,Leuven,female,No
Ioanna,2009,Leicester,female,No
Ione,1999,St Andrews,female,No
Ionna,2017,Exeter,female,No
Isaac,2021,Leuven,male,No
Isabelle,2017,Exeter,female,Yes
Isabelle,2019,Hull,female,No
Isla,2017,Exeter,female,No
Iyob,2014,Hull,male,No
Jack,2022,Nottingham,male,No
Jack,2017,Exeter,male,No
Jackie,2016,Bangor,female,No
Jaclyn,2009,Leicester,female,No
Jaclyn,2009,Leicester,female,No
Jaco,2016,Bangor,male,No
Jacques,1993,Conwy,male,No
Jairo,2025,Belfast,male,No
Jake,2024,Bilbao,male,No
Jakov,1999,St Andrews,male,No
James,2018,UEA,male,No
James,2015,Plymouth,male,No
James,2018,UEA,male,No
James,2015,Plymouth,male,No
James,2025,Belfast,male,No
James,1990,Lancaster,male,No
James,1993,Conwy,male,No
James,2025,Belfast,male,No
James,1987,Plymouth,male,No
James,2016,Bangor,male,No
James,2014,Hull,male,No
Jamie,2017,Exeter,female,No
Jan,1987,Plymouth,female,No
Jan,1999,St Andrews,female,Yes
Jan,1987,Plymouth,female,No
Jan,2014,Hull,female,No
Jane,2017,Exeter,female,No
Jane,2017,Exeter,female,No
Jane,2016,Bangor,female,No
Jane,2015,Plymouth,female,No
Janos,1999,St Andrews,male,No
Jasmien,2016,Bangor,female,No
Jason,2014,Hull,male,No
Jayson,2015,Plymouth,male,No
Jean,2021,Leuven,female,No
Jean,2018,UEA,female,No
Jean,1999,St Andrews,female,No
Jeffrey,2014,Hull,male,Yes
Jen,2018,UEA,female,No
Jen,2017,Exeter,female,No
Jenni,2017,Exeter,female,No
Jennifer,2016,Bangor,female,Yes
Jennifer,2017,Exeter,female,No
Jenny,2012,UEA,female,Yes
Jens,1993,Conwy,male,No
Jeremy,2015,Plymouth,male,No
Jeremy,2021,Leuven,male,No
Jessica,2012,UEA,female,No
Jessica,2018,UEA,female,No
Jessica,2017,Exeter,female,No
Jessica,2022,Nottingham,female,No
Jessica,2019,Hull,female,No
Jessica,2025,Belfast,female,No
Jessie,2022,Nottingham,female,No
Jian,1999,St Andrews,male,No
Jim,2025,Belfast,male,No
Jim,2015,Plymouth,male,No
Jin-Koo,2016,Bangor,male,No
Jingyao,2024,Bilbao,female,No
Joachim,2009,Leicester,male,No
Joacim,2012,UEA,male,No
Joacim,2014,Hull,male,No
Joana,2015,Plymouth,female,No
Joana,2017,Exeter,female,No
Joana,2018,UEA,female,No
Joana,2025,Belfast,female,No
Joanna,2018,UEA,female,No
Joanna,2023,Essex,female,No
Joanna,2017,Exeter,female,Yes
Joanna,2017,Exeter,female,No
Joanna,2015,Plymouth,female,No
Joanne,1999,St Andrews,female,No
Joanne,1999,St Andrews,female,No
Joanne,1999,St Andrews,female,No
Joanne,1999,St Andrews,female,No
Joao,2024,Bilbao,male,No
Joao,2022,Nottingham,male,No
Job,2009,Leicester,male,No
Jobby,2025,Belfast,male,No
Jochen,2021,Leuven,male,No
Joep,2018,UEA,male,No
Johan,1990,Lancaster,male,No
Johan,2016,Bangor,male,No
Johann,2016,Bangor,male,No
John,2025,Belfast,male,No
John,1999,St Andrews,male,No
John,1993,Conwy,male,No
John,2014,Hull,male,No
John,2016,Bangor,male,Yes
John,2023,Essex,male,No
John,1993,Conwy,male,Yes
John,2018,UEA,male,No
John,2023,Essex,male,No
John,2016,Bangor,male,No
John,2016,Bangor,male,No
John,2017,Exeter,male,No
John,2022,Nottingham,male,Yes
John,1970,London,male,No
John,2014,Hull,male,No
John,2017,Exeter,male,No
John,2024,Bilbao,male,No
John,1990,Lancaster,male,No
John,1987,Plymouth,male,No
John,1968,London,male,No
John,2017,Exeter,male,No
Jon,1999,St Andrews,male,No
Jonathan,2025,Belfast,male,No
Jonathan,2015,Plymouth,male,No
Jonathan,2023,Essex,male,No
Jonathan,2023,Essex,male,No
Jonathan,2018,UEA,male,No
Jonathan,2025,Belfast,male,No
Jonathan,2014,Hull,male,No
Jonathan,2016,Bangor,male,No
Joon Yeong ,1999,St Andrews,male,No
Joost,2009,Leicester,male,No
Joost,2009,Leicester,male,No
Jordan,2025,Belfast,male,No
Jordi,2024,Bilbao,male,No
Jorge,1999,St Andrews,male,No
Jorgen,2014,Hull,male,Yes
Jorgen,2012,UEA,male,No
Joris,2025,Belfast,male,No
Joris,2022,Nottingham,male,No
Jos,1993,Conwy,male,No
Josef,1999,St Andrews,male,No
Josefin,2022,Nottingham,female,Yes
Joseph,2019,Hull,male,No
Joseph,2021,Leuven,male,No
Joseph,2023,Essex,male,No
Joseph,2018,UEA,male,No
Josephine,2021,Leuven,female,No
Josephine,2025,Belfast,female,No
Josh,2022,Nottingham,male,No
Joshka,2021,Leuven,male,No
Joshka,2017,Exeter,male,No
Joshka,2024,Bilbao,male,No
Joshua,2015,Plymouth,male,No
Josie,2017,Exeter,female,No
Josie,2021,Leuven,female,No
Json,2025,Belfast,male,No
Judith,2016,Bangor,female,No
Judith,2015,Plymouth,female,No
Julia,2015,Plymouth,female,Yes
Julian,1993,Conwy,male,No
Julien,2021,Leuven,male,No
Juliet,2018,UEA,female,No
Jun,1999,St Andrews,male,No
Jun,2009,Leicester,male,No
Jung,2018,UEA,male,No
Jung,2025,Belfast,male,No
Juraj,1990,Lancaster,male,No
Jussi,1999,St Andrews,female,No
Justas,2022,Nottingham,male,No
Justin,2017,Exeter,male,No
Justine,2016,Bangor,female,No
Justing,2009,Leicester,male,No
Kai,2014,Hull,male,Yes
Kanji,1999,St Andrews,male,No
Karen,1999,St Andrews,female,No
Karen,2021,Leuven,female,No
Karen,1999,St Andrews,female,No
Karina,2022,Nottingham,female,No
Karine,1999,St Andrews,female,No
Kat,2019,Hull,female,No
Kate,2017,Exeter,female,No
Kate,2018,UEA,female,No
Kate,2017,Exeter,female,No
Katherine,2012,UEA,female,Yes
Kathryn,1999,St Andrews,female,No
Kathy,2015,Plymouth,female,No
Katie,2015,Plymouth,female,No
Katie,2009,Leicester,female,No
Katie,2017,Exeter,female,No
Katie,2015,Plymouth,female,No
Katie,2018,UEA,female,No
Katie,2023,Essex,female,No
Katie,2018,UEA,female,No
Katja,2017,Exeter,female,No
Katja,2024,Bilbao,female,No
Kaushik,1983,Stirling,male,No
Kaushik,1983,Stirling,male,No
Keith,1999,St Andrews,male,No
Ken,1971,London Spring,male,No
Kennedy,2018,UEA,female,No
Kenneth,1999,St Andrews,male,No
Kenneth,1968,London,male,No
Kerry,1993,Conwy,female,No
Kerry,2024,Bilbao,female,Yes
Kevin,2015,Plymouth,male,Yes
Kevin,2009,Leicester,male,No
Kevin,2025,Belfast,male,No
Kieran,2018,UEA,male,No
Kieran,2018,UEA,male,No
Kieran,2023,Essex,male,No
Kim,2017,Exeter,female,No
Kim,2015,Plymouth,female,No
Kimmo,2017,Exeter,male,No
Kirsty,2025,Belfast,female,No
Kirsty,2015,Plymouth,female,No
Kirsty,2023,Essex,female,No
Kirthana,2021,Leuven,female,No
Kirthana,2019,Hull,female,No
Kitty,2022,Nottingham,female,No
Kjartan,2009,Leicester,male,No
Klara,2015,Plymouth,female,No
Konrad,2024,Bilbao,male,No
Krista,2017,Exeter,female,No
Kristi,2022,Nottingham,female,No
Kristin,2009,Leicester,female,No
Kristine,2017,Exeter,female,No
Kristy,2019,Hull,female,Yes
Krtistine,2016,Bangor,female,No
Larry,2017,Exeter,male,No
Lars,2012,UEA,male,Yes
Laura,2014,Hull,female,No
Lauran,2015,Plymouth,female,No
Lauren,2017,Exeter,female,No
Lauren,2023,Essex,female,No
Lauren,1999,St Andrews,female,No
Leanne,2023,Essex,female,No
Lee,2023,Essex,male,No
Lee,1999,St Andrews,male,Yes
Lengxob,2017,Exeter,male,No
Leon,2009,Leicester,male,No
Lesley,2012,UEA,female,No
Lewis,2018,UEA,male,No
Like,2025,Belfast,male,No
Like,2023,Essex,male,No
Lilian,2015,Plymouth,female,No
Lilian,2016,Bangor,female,No
Lina,2021,Leuven,female,No
Linda,2009,Leicester,female,No
Linda,2009,Leicester,female,No
Lindsay,1982,London,female,No
Line,2012,UEA,female,No
Lisette,2024,Bilbao,female,No
Lorenz,2024,Bilbao,male,No
Lorenzo,1999,St Andrews,male,No
Lori,2019,Hull,female,No
Louis,2019,Hull,male,No
Louis,2016,Bangor,male,Yes
Louise,2017,Exeter,female,No
Luca,2023,Essex,male,No
Luciano,2016,Bangor,male,No
Lucie,2017,Exeter,female,No
Lucilia,2024,Bilbao,female,No
Lucio,2019,Hull,male,No
Lucy,2018,UEA,female,No
Lucy,2025,Belfast,female,No
Luke,2017,Exeter,male,No
Luz,2018,UEA,female,No
Lydie,2015,Plymouth,female,No
Lynda,1999,St Andrews,female,No
Lyndsey,2012,UEA,female,No
Lynsey,2019,Hull,female,No
Madalyn,2019,Hull,female,No
Maddalena,2024,Bilbao,female,No
Maddi,2024,Bilbao,female,No
Madeleine,2017,Exeter,female,No
Maisie,2025,Belfast,female,No
Malcolm,1982,London,male,No
Malcolm,1993,Conwy,male,No
Malte,2023,Essex,male,No
Manabu,2009,Leicester,male,No
Mandla,2021,Leuven,female,No
Manuel,2015,Plymouth,male,No
Marc,1999,St Andrews,male,No
Marcelo,2022,Nottingham,male,No
Marcelo,2023,Essex,male,No
Marcelo,1999,St Andrews,male,No
Marcelo,2023,Essex,male,No
Marco,2012,UEA,male,No
Mareike,2015,Plymouth,female,No
Margarida,2018,UEA,female,No
Mari,2009,Leicester,female,No
Maria,2017,Exeter,female,No
Maria,2025,Belfast,female,No
Maria,2017,Exeter,female,No
Maria,2024,Bilbao,female,No
Maria,2012,UEA,female,No
Maria,2021,Leuven,female,No
Maria,2024,Bilbao,female,No
Maria,2016,Bangor,female,No
Maria,1987,Plymouth,female,No
Marie,2023,Essex,female,No
Marina,2024,Bilbao,female,No
Marine,2016,Bangor,female,No
Marion,2012,UEA,female,No
Marion,2009,Leicester,female,No
Marion,2009,Leicester,female,No
Mark,2018,UEA,male,No
Mark,2009,Leicester,male,No
Mark,2017,Exeter,male,No
Mark,2025,Belfast,male,No
Mark,1999,St Andrews,male,No
Mark,2021,Leuven,male,Yes
Mark,2015,Plymouth,male,No
Mark,2014,Hull,male,No
Marka,2016,Bangor,female,No
Marloes,2015,Plymouth,female,No
Marta,2024,Bilbao,female,No
Marta,2012,UEA,female,No
Marta,2021,Leuven,female,No
Martha,2025,Belfast,female,No
Martha,2022,Nottingham,female,No
Martin,2016,Bangor,male,No
Martin,1993,Conwy,male,No
Martin,2009,Leicester,male,No
Martin,2017,Exeter,male,No
Martine,2018,UEA,female,No
Martine,2021,Leuven,female,Yes
Martine,2022,Nottingham,female,No
Mary,2018,UEA,female,No
Mary,1987,Plymouth,female,No
Masaki,2019,Hull,male,Yes
Masaru,1999,St Andrews,male,Yes
Masirika,2021,Leuven,male,No
Matteo,2017,Exeter,male,No
Matthew,2015,Plymouth,male,No
Matthew,2015,Plymouth,male,No
Matthew,2018,UEA,male,No
Matthew,2009,Leicester,male,No
Matthew,2022,Nottingham,male,No
Matthew,2025,Belfast,male,No
Matthew,2018,UEA,male,No
Maurice,2015,Plymouth,male,No
Mayuresh,2024,Bilbao,male,No
Meadhbh,2015,Plymouth,female,No
Megan,2009,Leicester,female,No
Meike,2009,Leicester,female,No
Melanie,2022,Nottingham,female,No
Melina,2021,Leuven,female,No
Mercedes,1999,St Andrews,female,No
Micaela,2019,Hull,female,No
Michael,2021,Leuven,male,No
Michael,1993,Conwy,male,No
Michael,1990,Lancaster,male,No
Michael,2025,Belfast,male,No
Michael,2025,Belfast,male,No
Michael,2022,Nottingham,male,No
Michael,1990,Lancaster,male,No
Michael,2023,Essex,male,No
Michael,1987,Plymouth,male,No
Michael,2019,Hull,male,Yes
Michael,2024,Bilbao,male,No
Michael,2014,Hull,male,No
Michael,2021,Leuven,male,No
Michal,1993,Conwy,female,No
Michal,2023,Essex,female,No
Michal,2025,Belfast,female,No
Michelle,2022,Nottingham,female,No
Michelle,2025,Belfast,female,No
Mike,2009,Leicester,male,Yes
Mike,1987,Plymouth,male,No
Mike,2009,Leicester,male,No
Mike,1983,Stirling,male,No
Ming-Tsu,2023,Essex,male,No
Miquel,2014,Hull,male,No
Miran,2014,Hull,male,No
Mirre,2009,Leicester,female,No
Moacir,1999,St Andrews,male,No
Mohamed,2016,Bangor,male,No
Mohammed,2017,Exeter,male,No
Mohsen,2025,Belfast,male,No
Moira,1993,Conwy,female,No
Molly,2022,Nottingham,female,No
Molly,2019,Hull,female,No
Molly,2023,Essex,female,No
Molly,2019,Hull,female,No
Monika,2017,Exeter,female,No
Morgane,2023,Essex,female,No
Morgane,2024,Bilbao,female,No
Morten,1987,Plymouth,male,No
Moustafa,1993,Conwy,male,No
Mukesh,2024,Bilbao,male,No
Mulugeta,2021,Leuven,male,No
Muriel,1987,Plymouth,female,No
Murray,2017,Exeter,male,No
Myriam,2018,UEA,female,No
Naiara,2019,Hull,female,No
Naiara,2025,Belfast,female,No
Naiara,2019,Hull,female,No
Naiara,2016,Bangor,female,No
Naiara,2016,Bangor,female,No
Naoki,2023,Essex,male,No
Nasrollah,1982,London,male,No
Natalia,2021,Leuven,female,No
Natalia,2024,Bilbao,female,No
Natalie,2025,Belfast,female,No
Natalie,2025,Belfast,female,No
Natasha,2017,Exeter,female,No
Nathan,2021,Leuven,male,No
Neil,2017,Exeter,male,No
Neil,1999,St Andrews,male,No
Neil,2017,Exeter,male,No
Neil,2012,UEA,male,No
Nellie,2009,Leicester,female,No
Niamh,2025,Belfast,female,No
Niamh,2025,Belfast,female,No
Nicholas,2016,Bangor,male,No
Nicholas,1999,St Andrews,male,No
Nicholas,2023,Essex,male,No
Nicholas,2015,Plymouth,male,Yes
Nicholas,2025,Belfast,male,Yes
Nicholas,2015,Plymouth,male,No
Nick,2017,Exeter,male,No
Nick,2023,Essex,male,No
Nicola,2018,UEA,female,No
Nicolas,2015,Plymouth,male,No
Nicolas,2017,Exeter,male,No
Niels,1987,Plymouth,male,No
Nigel,2019,Hull,male,No
Nigel,2017,Exeter,male,No
Nigel,2014,Hull,male,No
Nigel,1993,Conwy,male,No
Nijola,2025,Belfast,female,No
Niklas,2016,Bangor,male,No
Nikola,1971,London Spring,male,No
Nikola,2021,Leuven,male,No
Niladri,2024,Bilbao,male,No
Nildeniz,2022,Nottingham,female,No
Nildeniz,2023,Essex,female,No
Nobuhle,2021,Leuven,female,No
Noemi,2024,Bilbao,female,No
Norman,1968,London,male,No
Ntandokayise,2025,Belfast,male,No
Nuria,2016,Bangor,female,No
Olaf,2017,Exeter,male,No
Oliver,2025,Belfast,male,No
Olivia,2021,Leuven,female,No
Olivier,2017,Exeter,male,No
Olivier,2016,Bangor,male,No
Olivier,2016,Bangor,male,No
Ondrej,2012,UEA,male,No
Oriol,2023,Essex,male,No
Oriol,2021,Leuven,male,No
Oscar,2016,Bangor,male,No
Oscar,2016,Bangor,male,No
Osman,2021,Leuven,male,No
Ossi,2017,Exeter,female,No
Owen,2021,Leuven,male,No
Owen,2015,Plymouth,male,No
Owen,2019,Hull,male,No
Pamela,2009,Leicester,female,No
Panagiotis,1987,Plymouth,male,No
Paris,2025,Belfast,female,No
Pascal,2015,Plymouth,male,No
Patrick,2023,Essex,male,No
Patrick,2018,UEA,male,No
Patrick,2022,Nottingham,male,No
Patrik,2019,Hull,male,No
Paul,2025,Belfast,male,No
Paul,2023,Essex,male,No
Paul,2022,Nottingham,male,No
Paul,2012,UEA,male,No
Paul,2023,Essex,male,No
Paul,1969,London,male,No
Paul,1990,Lancaster,male,No
Paul,2014,Hull,male,No
Paul,2017,Exeter,male,No
Paul,2017,Exeter,male,No
Paulina,2021,Leuven,female,No
Pavi,1999,St Andrews,female,No
Pedro,1993,Conwy,male,No
Per,2012,UEA,male,No
Peter,1982,London,male,No
Peter,2012,UEA,male,No
Peter,1999,St Andrews,male,No
Peter,2016,Bangor,male,No
Peter,2024,Bilbao,male,No
Peter,1993,Conwy,male,Yes
Peter,2018,UEA,male,No
Peter,1999,St Andrews,male,No
Peter,1999,St Andrews,male,No
Peter,1990,Lancaster,male,No
Peter,1987,Plymouth,male,No
Peter,2018,UEA,male,No
Peter,1990,Lancaster,male,No
Peter,1993,Conwy,male,No
Peter,1999,St Andrews,male,No
Peter,2017,Exeter,male,No
Peter,1993,Conwy,male,No
Peter,2015,Plymouth,male,No
Peter,2025,Belfast,male,No
Peter,2016,Bangor,male,No
Peter,2017,Exeter,male,Yes
Phakama,2023,Essex,female,No
Phil,1990,Lancaster,male,No
Phil,2023,Essex,male,No
Phil,2014,Hull,male,No
Philip,2021,Leuven,male,No
Philip,2015,Plymouth,male,No
Philip,2019,Hull,male,No
Philip,2015,Plymouth,male,No
Philipp,2014,Hull,male,No
Philipp,2021,Leuven,male,No
Philippe,1993,Conwy,male,No
Phoebe,2025,Belfast,female,No
Pia,2025,Belfast,female,No
Pier,1993,Conwy,female,No
Piera,2018,UEA,female,No
Pierre,2016,Bangor,male,No
Pierre,2021,Leuven,male,Yes
Pierre,1999,St Andrews,male,No
Pierre,2021,Leuven,male,No
Pierre,2016,Bangor,male,No
Pieter,2021,Leuven,male,No
Pietro,1971,London Spring,male,No
Prasad,1987,Plymouth,male,No
Quentin,2019,Hull,male,No
Quentin,2016,Bangor,male,No
Quentin,2024,Bilbao,male,No
R,1972,London,male,No
Rachel,2025,Belfast,female,Yes
Rachel,2023,Essex,female,No
Rachel,2023,Essex,female,No
Rachel,2015,Plymouth,female,No
Rachid,1993,Conwy,male,No
Rafael,1999,St Andrews,male,No
Rajeev,2023,Essex,male,No
Rajeev,2024,Bilbao,male,No
Ralf,2015,Plymouth,male,No
Ram,2024,Bilbao,male,No
Raminta,2018,UEA,female,No
Randolph,2018,UEA,male,No
Re'em,2022,Nottingham,male,No
Rebecca,2017,Exeter,female,No
Rebecca,2017,Exeter,female,No
Rebecca,2025,Belfast,female,No
Rebecca,2014,Hull,female,No
Rebecca,2018,UEA,female,No
Rebecca,2017,Exeter,female,No
Rebekah,2018,UEA,female,No
Regis,2022,Nottingham,male,No
Regis,2022,Nottingham,male,No
Rein,2019,Hull,male,No
Rejab,2025,Belfast,male,No
Remigijus,2018,UEA,male,No
Richard,2025,Belfast,male,No
Richard,2023,Essex,male,Yes
Richard,1970,London,male,No
Richard,1983,Stirling,male,No
Richard,2012,UEA,male,No
Richard,2024,Bilbao,male,No
Richard,2017,Exeter,male,No
Richard,1987,Plymouth,male,No
Riho,2014,Hull,female,No
Rima,2015,Plymouth,female,No
Rita,2019,Hull,female,No
Rita,2025,Belfast,female,No
Rob,2022,Nottingham,male,Yes
Robert,2025,Belfast,male,Yes
Robert,2018,UEA,male,No
Robert,2016,Bangor,male,No
Robert,2018,UEA,male,No
Robert,2014,Hull,male,No
Robert,2021,Leuven,male,No
Robert,2018,UEA,male,No
Robert,2021,Leuven,male,No
Robert,2015,Plymouth,male,No
Robert,2017,Exeter,male,No
Robert,2012,UEA,male,No
Robert,2016,Bangor,male,No
Robert,2014,Hull,male,No
Robert,1993,Conwy,male,No
Robert,2023,Essex,male,No
Robin,2016,Bangor,female,Yes
Robin,2018,UEA,female,No
Rochelle,2024,Bilbao,female,No
Rochelle,2025,Belfast,female,No
Rod,2017,Exeter,male,No
Rodolfo,1999,St Andrews,male,No
Rohitashva,2025,Belfast,male,No
Romina,2024,Bilbao,female,No
Romina,2016,Bangor,female,No
Ronald,1970,London,male,No
Ronald,1971,London Spring,male,No
Rosemary,1990,Lancaster,female,No
Ross,2018,UEA,male,No
Rosslyn,2022,Nottingham,female,No
Roweena,2021,Leuven,female,No
Roy,1993,Conwy,male,No
Ruaidhri,2025,Belfast,male,No
Ruan,2012,UEA,male,No
Rui,2018,UEA,male,No
Rui,2012,UEA,male,Yes
Rui,2022,Nottingham,male,No
Rupert,2019,Hull,male,No
Rute,2024,Bilbao,female,No
Ruth,2017,Exeter,female,No
Ruth,2021,Leuven,female,Yes
Ryan,2016,Bangor,male,No
Ryan,2021,Leuven,male,No
Ryan,2018,UEA,male,No
Ryan,2021,Leuven,male,No
Sachia,2019,Hull,female,No
Sam,2023,Essex,male,No
Sam,2021,Leuven,male,No
Sam,2022,Nottingham,male,No
Samantha,2016,Bangor,female,No
Samantha,2024,Bilbao,female,No
Samantha,2017,Exeter,female,No
Samuel,2012,UEA,male,No
Samuel,2021,Leuven,male,No
Sandra,1999,St Andrews,female,No
Sara,2017,Exeter,female,No
Sarah,2016,Bangor,female,No
Sarah,2021,Leuven,female,No
Sarah,2015,Plymouth,female,No
Sarah,2016,Bangor,female,No
Sarah,2021,Leuven,female,No
Sarah,2021,Leuven,female,No
Sarah,2016,Bangor,female,No
Sarah,2023,Essex,female,No
Sarah,2024,Bilbao,female,No
Sarah,1999,St Andrews,female,No
Sarah,2015,Plymouth,female,No
Sarah,2021,Leuven,female,No
Sarah,2022,Nottingham,female,No
Sarah,2015,Plymouth,female,No
Sathyaruban,2022,Nottingham,female,No
Sebastian,2024,Bilbao,male,No
Selina,2018,UEA,female,Yes
Serena,2012,UEA,female,No
Serena,2018,UEA,female,No
Sergio,2012,UEA,male,No
Seung Eun,2016,Bangor,female,No
Seyedeh,2019,Hull,female,No
Shan,2025,Belfast,male,No
Shaun,2019,Hull,male,No
Shaun,2012,UEA,male,No
Shauna,2016,Bangor,female,No
Sheila,1983,Stirling,female,No
Sheila,1983,Stirling,female,No
Sian,1999,St Andrews,female,No
Sibusisiwe,2025,Belfast,female,No
Sigrun,1987,Plymouth,female,No
Simon,1999,St Andrews,male,No
Sissel,2024,Bilbao,female,Yes
Siv,2024,Bilbao,female,No
Skuli,2024,Bilbao,male,No
Sneha,2025,Belfast,female,No
Sofia,2025,Belfast,female,No
Sofia,2023,Essex,female,No
Sofie,2016,Bangor,female,No
Sonja,2015,Plymouth,female,Yes
Sonya,2017,Exeter,female,No
Sophia,2022,Nottingham,female,No
Sophie,2024,Bilbao,female,Yes
Sophie,2016,Bangor,female,No
Sophie,2016,Bangor,female,No
Sophie,2017,Exeter,female,No
Sophie,2016,Bangor,female,No
Sophy,2025,Belfast,female,No
Sophy,2018,UEA,female,No
Sophy,2015,Plymouth,female,No
Spencer,2022,Nottingham,male,No
Stanislaw,1971,London Spring,male,Yes
Stefan,1987,Plymouth,male,No
Stefano,2019,Hull,male,No
Stefano,2017,Exeter,male,No
Stefano,2015,Plymouth,male,No
Stefano,2024,Bilbao,male,Yes
Stefano,2017,Exeter,male,No
Stellia,2024,Bilbao,female,No
Stellia,2023,Essex,female,No
Stéphanie,2015,Plymouth,female,No
Stephen,2015,Plymouth,male,No
Stephen,1999,St Andrews,male,No
Stephen,2017,Exeter,male,No
Stephen,2023,Essex,male,No
Stephen,1999,St Andrews,male,No
Stephen,1987,Plymouth,male,No
Steve,2009,Leicester,male,No
Steve,2018,UEA,male,Yes
Steve,2009,Leicester,male,No
Steve,2023,Essex,male,Yes
Steven,2019,Hull,male,No
Steven,2022,Nottingham,male,No
Stina,2023,Essex,female,No
Stormy,2009,Leicester,female,No
Stuart,1993,Conwy,male,No
Sum,2021,Leuven,male,No
Susanne,2025,Belfast,female,No
Susanne,2023,Essex,female,No
Susumu,1987,Plymouth,male,No
Susumu,1987,Plymouth,male,No
Suzanne,2017,Exeter,female,No
Svante,2012,UEA,male,No
Sven,2021,Leuven,male,No
Sven,2018,UEA,male,No
Swati,2009,Leicester,female,No
Sylvain,2024,Bilbao,male,No
Sylvia,1999,St Andrews,female,No
Sylvia,2017,Exeter,female,No
Sylvie,2015,Plymouth,female,Yes
Taal,2019,Hull,male,No
Tadatoshi,1987,Plymouth,male,No
Takakazu,1999,St Andrews,male,No
Takudzwa,2021,Leuven,male,No
Talita,2019,Hull,female,No
Tamacs,1999,St Andrews,male,No
Tamal,2021,Leuven,male,No
Tamsyn,2017,Exeter,female,No
Taryn,2014,Hull,female,No
Tasaduq,2022,Nottingham,male,No
Taylor,2014,Hull,female,No
Tea,2023,Essex,female,No
Tea,2023,Essex,female,No
Teppo,2014,Hull,male,No
Teruyuki,1987,Plymouth,male,No
Thango,2021,Leuven,male,No
Thelma,1987,Plymouth,female,No
Theo,2009,Leicester,male,No
Theresa,2022,Nottingham,female,No
Thiago,2019,Hull,male,No
Thomas,2017,Exeter,male,No
Thomas,2017,Exeter,male,No
Thomas,2012,UEA,male,No
Thomas,2024,Bilbao,male,No
Thomas,1983,Stirling,male,No
Thomas,2014,Hull,male,No
Thomas,1999,St Andrews,male,No
Tibiábin,2012,UEA,male,No
Till,1999,St Andrews,male,No
Tim,2009,Leicester,male,No
Tim,2022,Nottingham,male,Yes
Tim,2009,Leicester,male,No
Timothy,1968,London,male,No
Timothy,2017,Exeter,male,No
Tobias,2009,Leicester,male,No
Toby,2015,Plymouth,male,No
Tom,2017,Exeter,male,No
Tom,2009,Leicester,male,No
Tom,2009,Leicester,male,No
Toni,2019,Hull,female,No
Tony,2018,UEA,male,No
Tore,1993,Conwy,male,No
Torild,2016,Bangor,male,No
Torild,2016,Bangor,male,No
Tove,1999,St Andrews,female,No
Tracey,2018,UEA,female,No
Tracye,1999,St Andrews,female,No
Trine,1999,St Andrews,female,No
Tristan,2015,Plymouth,male,No
Tsung-Han,1999,St Andrews,male,No
Tuomas,2009,Leicester,male,No
Ulla,2009,Leicester,female,No
Ulrika,2009,Leicester,female,Yes
Ulrika,2022,Nottingham,female,Yes
Ulrika,2018,UEA,female,No
Uwe,2014,Hull,male,Yes
Uwe,2018,UEA,male,No
Vahan,2009,Leicester,male,No
Valerio,2017,Exeter,male,No
Vania,1999,St Andrews,female,No
Vera,2024,Bilbao,female,No
Vicki,2009,Leicester,female,No
Victor,2024,Bilbao,male,No
Victoria,2016,Bangor,female,No
Virginie,2019,Hull,female,No
Vitalja,2022,Nottingham,male,No
Vittoria,2019,Hull,female,No
Vladimir,1999,St Andrews,male,No
Waldir,2017,Exeter,male,No
Waldir,2017,Exeter,male,No
Walter,1999,St Andrews,male,No
Walter,1983,Stirling,male,No
Warren,2023,Essex,male,No
Watabe,1999,St Andrews,male,Yes
Wei-Chuan,2018,UEA,male,No
Who,2009,Leicester,male,No
Wilfried,2009,Leicester,male,No
Wilfried,2009,Leicester,male,No
William,2017,Exeter,male,Yes
William,2021,Leuven,male,No
William,2009,Leicester,male,No
William,2018,UEA,male,No
William,2024,Bilbao,male,No
William,2023,Essex,male,No
Winifred,1968,London,female,No
Wolfgang,1987,Plymouth,male,No
Xavier,2021,Leuven,male,No
Xavier,1999,St Andrews,male,No
Yih-Yia,1999,St Andrews,male,No
Yixuan,2024,Bilbao,female,No
Yuan,2021,Leuven,male,No
Yulia,2017,Exeter,female,No
Yulia,2017,Exeter,female,No
Yuri,1993,Conwy,female,No
Yuri,1990,Lancaster,female,No
Zachary,2018,UEA,male,No
Zachary,2014,Hull,male,No
Zelin,2022,Nottingham,female,No
Zifang,2024,Bilbao,female,No
Zohar,2012,UEA,male,No
Zuzana,2024,Bilbao,female,Yes
Zwanette,1993,Conwy,female,No
NA,1999,St Andrews,NA,No
NA,1968,London,NA,No
NA,1993,Conwy,NA,No
NA,1970,London,male,No
NA,1999,St Andrews,NA,No
NA,1969,London,male,No
NA,1999,St Andrews,NA,No
NA,1972,London,male,No
NA,1999,St Andrews,NA,No
NA,1993,Conwy,NA,No
NA,1983,Stirling,NA,No
NA,1987,Plymouth,NA,No
NA,1983,Stirling,NA,No
NA,1969,London,male,No
NA,1987,Plymouth,NA,No
NA,1999,St Andrews,NA,No
NA,1970,London,male,No
NA,1999,St Andrews,NA,No
NA,1969,London,male,No
NA,1987,Plymouth,female,No
NA,1987,Plymouth,NA,No
NA,2014,Hull,NA,No
NA,1968,London,male,No
NA,1987,Plymouth,NA,No
NA,1983,Stirling,NA,No
NA,1987,Plymouth,NA,No
NA,1972,London,NA,No
NA,1968,London,NA,No
NA,1999,St Andrews,NA,No
NA,1972,London,male,No
NA,1968,London,NA,No
NA,1987,Plymouth,NA,No
NA,1987,Plymouth,NA,No
NA,1970,London,male,No
NA,1999,St Andrews,NA,No
NA,1969,London,male,No
NA,1999,St Andrews,NA,No
NA,1971,London Spring,male,No
NA,1999,St Andrews,NA,No
NA,1993,Conwy,NA,No
